"id","createdAt","gender","birthYear","degree","workSituation"
"f32a2c7f-f119-4afe-a076-fb47799d41ca","2023-03-24 19:37:18.257","woman","1995","Plus de Bac+5","Salarié"
"1e3057f7-c9be-4a6a-8c89-08f72892f06f","2023-04-25 06:57:01.831","woman","1985","Bac+2","Salarié"
"b1be39c0-34f9-43cc-afe1-b05dc8927530","2023-04-25 07:03:32.085","woman","1991","Bac+2","Salarié"
"ca6c4ecb-15dd-4462-8bda-e17d6652f5ef","2023-05-04 14:44:43.638","woman","1980","Bac+2","Salarié"
"19de0351-5b7c-439d-851c-c1870f645efd","2023-05-22 16:09:29.821","man","1993","Bac+5","Salarié"
"2793e401-b6b2-46f5-947d-46d91c1bce34","2023-06-09 08:11:50.04",NULL,NULL,NULL,NULL
"10850544-5c44-44c1-ae34-ba40bb5eb43c","2023-08-14 13:50:21.881",NULL,NULL,NULL,NULL
"4396131f-bdd6-4695-9c9c-45effb01bb89","2023-03-02 15:20:49.708","woman","1992","Bac+3","Freelance / indépendant"
"f427c022-39cb-4c47-b787-98a73d185656","2023-08-14 13:51:00.508",NULL,NULL,NULL,NULL
"bff79300-6b1b-4261-8ca5-638c24ea2c65","2023-08-14 13:51:35.086",NULL,NULL,NULL,NULL
"e4c9a82e-cd18-49a8-887a-8ba55b3f8a9b","2023-08-14 13:56:38.047",NULL,NULL,NULL,NULL
"7bf475e7-9d6b-46f1-8c14-2137b1cb3a45","2023-03-21 22:39:31.056","woman","1995","Bac+5","Salarié"
"5f9940fa-4c55-476a-8fa2-3efc03ad9276","2023-03-06 10:14:30.791",NULL,NULL,NULL,NULL
"53b423c0-0785-43fc-8f23-55acda3538c0","2023-08-22 07:55:56.951",NULL,NULL,NULL,NULL
"adbe0e50-5faf-422a-8fea-bfe80b7255f6","2023-04-06 16:14:23.656","woman","1974","Bac+2","Salarié"
"1f782dfc-e3b6-460d-a77a-02754c7f41ad","2023-04-09 03:53:18.928","woman","1979","Bac+5","Salarié"
"e0e44f69-8600-4874-a476-83c5ab4362bf","2023-04-13 10:06:05.362","woman","1990","Bac+5","Salarié"
"d8549941-f790-4877-8fec-e9d127acfe57","2023-05-24 06:40:53.253",NULL,NULL,NULL,NULL
"33c56f01-0ff1-4e90-a5b3-d32364aa1081","2023-03-19 08:39:34.401",NULL,NULL,NULL,NULL
"f54b690b-277b-4d31-a4b2-2ad3df1c2701","2023-05-24 06:58:24.836","woman","1984","Bac+5","Autre"
"57673f54-5060-439e-8862-458f5b7a65b5","2023-05-24 07:37:13.856",NULL,NULL,NULL,NULL
"4ddce32c-2e0d-4015-b484-ee1af21dd31b","2023-04-05 08:59:20.356",NULL,NULL,NULL,NULL
"4d17537d-5fd6-4d19-80c0-d49600b734dd","2023-03-19 20:54:37.749",NULL,NULL,NULL,NULL
"193142d1-23d3-4903-a49b-6f2379666710","2023-03-14 10:43:49.2",NULL,NULL,NULL,NULL
"fcd5187a-00c3-4d0a-a96b-bec5a6f9a582","2023-03-09 13:35:19.371","woman","1983","Bac+4","En recherche d'emploi"
"0106a5c5-b2e6-451a-aea8-50422f90c7d1","2023-03-09 13:36:13.345","woman","1991","Bac+5","En recherche d'emploi"
"dc8c14df-ded7-4936-9b85-3955eefd51c7","2023-03-09 13:49:12.983","woman","1971","Bac+5","Autre"
"b485f677-575d-4d10-aec5-570746b518d6","2023-03-01 10:13:41.188","man","1973","Bac+4","Salarié"
"71fb4d19-8eaf-4ee2-a2b7-1b7013e58c3e","2023-03-02 11:56:30.465",NULL,NULL,NULL,NULL
"2da0a48d-2399-45a9-b4d0-bff51fa46d20","2023-03-07 09:29:53.915","man","1989","Bac+5","Salarié"
"e5244a56-d110-414a-8c3e-9e86b55fde9b","2023-03-07 10:28:19.241",NULL,NULL,NULL,NULL
"79c743f4-ed26-4e24-a3ba-34efaa0edb42","2023-03-13 17:57:27.962","man","2000","Bac","Break / année sabbatique"
"daa8c8a4-c293-4e43-b7c9-9cf3b932b4c6","2023-03-13 18:07:55.34","man","1995","Bac+5","Salarié"
"a803015c-d50c-40eb-8648-cfd05760f01c","2023-03-17 20:54:01.099","woman","1990","Bac+5","Salarié"
"ac7beb0a-8361-4a28-8867-294dffc25c39","2023-03-28 20:05:17.552","woman","1992","Bac+5","Salarié"
"b91c1118-e798-4aeb-88d0-a89f25853de6","2023-03-02 14:46:52.042","woman","1992","Bac+5","Salarié"
"1a86bd2e-5fcd-4461-b40e-a0fa1aaee855","2023-03-02 17:20:38.151","man","1990","Bac+5","Salarié"
"9b097a38-95f1-49ef-9901-270f93b6d920","2023-03-03 18:25:50.418","woman","1992","Bac+5","Salarié"
"16b4c0a9-8277-4f01-84e1-52279a6936e3","2023-03-02 17:51:17.374","woman","1979","Bac+5","Salarié"
"3de4d230-6a22-42ae-9b19-68a469f5317a","2023-03-02 16:11:46.603","woman","1978","","Salarié"
"5c911deb-ed0a-4a10-ad4b-bf85de9822d7","2023-03-02 12:15:16.758","woman","1987","Bac+5","Salarié"
"3182b924-26a1-4715-a83d-ac43b5f0e990","2023-03-04 09:38:41.622","woman","1976","Bac+3","Salarié"
"3300cd35-3601-4aec-85ea-934abeb7aced","2023-03-04 10:10:53.618","woman","1980","Bac+4","Salarié"
"2d1f8b2a-8f60-4de5-8db9-f9d5b0bf85df","2023-03-06 09:50:47.863","woman","1971","Bac+3","Salarié"
"94e088a1-ddf2-4b78-9c73-d635d878c16d","2023-03-06 10:18:20.44","woman","1984","Bac+5","Salarié"
"f5f95d15-859f-4b25-9f74-2856a7006ddf","2023-03-06 14:47:03.298","woman","1999","Bac+5","En recherche d'emploi"
"768617ac-d11f-41f8-a77d-7d656f09046d","2023-03-06 15:10:16.485","man","1989","Bac+5","En recherche d'emploi"
"87640049-6ac8-4c17-b088-b6d915b99a66","2023-03-06 15:55:19.729","woman","1996","Bac+3","En recherche d'emploi"
"5f43e2e3-1cd4-4e2d-9b42-b5c29033b996","2023-03-06 16:34:14.468",NULL,NULL,NULL,NULL
"52195fc3-85bf-43e3-9646-9404cd3d8b5a","2023-03-06 17:28:46.567","man","1995","Plus de Bac+5","Salarié"
"dadf9e5b-cc59-4aae-bf84-7282bfabd963","2023-03-06 17:46:46.636","woman","1996","Bac+5","Salarié"
"db67c242-aceb-42c8-934a-0b8cb37c78d9","2023-03-07 08:49:35.75","woman","1973","Bac+4","En recherche d'emploi"
"919b1f32-b543-4b2b-b320-b2d32ec0fa38","2023-03-07 12:09:54.641","woman","1974","Bac+4","Salarié"
"f3cdf158-9bdd-4c65-86da-5f32a3830612","2023-03-07 13:30:49.721","woman","1968","Bac+4","Autre"
"ee41b728-d2d6-40bf-b922-226d785dcff8","2023-03-07 14:38:26.14","man","1992","Bac+5","Salarié"
"97ab0f30-da5b-414f-be48-aab8f4334f81","2023-03-07 16:12:57.017","woman","1995","Plus de Bac+5","Salarié"
"1fffbf27-654b-4e00-abba-4ebd334b23d3","2023-03-07 18:23:15.715","woman","1981","Bac+5","En recherche d'emploi"
"2157674d-0199-4f62-afc9-3ce386dfa402","2023-03-08 10:11:44.185","man","1987","Bac","En recherche d'emploi"
"fedbd588-a383-4f68-81c1-e7fcf7f608cb","2023-03-08 13:58:32.996","woman","1989","Bac+5","Salarié"
"bdfebe96-9a0a-45cc-acfa-dd606833e783","2023-03-08 14:04:27.327","man","1980","CAP/BEP","Salarié"
"f1dbecaa-2bda-46ed-ab2b-1ef731c9781e","2023-03-08 14:25:17.768","man","1984","Bac+5","Salarié"
"41cc8794-b11b-49e7-be2c-96b1ffd3f3eb","2023-03-08 16:41:12.582","man","1982","Bac+5","Salarié"
"65e25e3c-08e1-412a-aec3-32f43f8fe8df","2023-03-08 18:17:50.951","man","1990","Plus de Bac+5","En recherche d'emploi"
"89034b43-d988-4584-b2d5-fee9ee95e923","2023-03-08 19:33:58.916","woman","2001","Bac+4","Étudiant / En formation"
"ae34845e-82a0-456b-ab4b-033709f378af","2023-03-09 05:50:32.81","woman","1974","Plus de Bac+5","Salarié"
"035870f1-6294-493e-a7b9-027bf84af31d","2023-03-09 08:19:44.59","woman","1988","Bac+5","Salarié"
"93823553-9bb4-4a50-b433-fa6d35050f24","2023-03-09 13:34:42.056","woman","1992","Bac+5","En recherche d'emploi"
"0f4cc804-e892-4462-a572-86e19330e5df","2023-03-09 13:52:30.948","woman","1969","Bac+3","En recherche d'emploi"
"24e9a8e7-b440-48de-8b97-a9df20473adc","2023-03-09 13:55:21.686","woman","1998","Bac+5","En recherche d'emploi"
"ac462b31-b619-42d3-99d6-2696ef18aba2","2023-03-09 14:11:48.637","woman","1990","Bac+5","En recherche d'emploi"
"d7385a1d-9c91-4fc7-9d41-6b6a1b10001e","2023-03-09 14:16:01.147","woman","1981","Bac+5","Salarié"
"c058b162-b296-4d48-8044-455af3e5a7a9","2023-03-09 14:13:50.137","woman","2000","Bac+4","Étudiant / En formation"
"942687b4-a834-40ef-9491-bbf03db29aac","2023-03-09 14:22:50.971","woman","1971","Bac+4","En recherche d'emploi"
"24819fbf-290d-404c-adeb-dcc9bfc76c65","2023-03-09 14:22:18.666","woman","1984","Bac+5","Salarié"
"bdc330ab-ccc8-4a42-95c3-d780af6977ac","2023-03-09 14:15:59.1","woman","1984","Bac+3","Salarié"
"592c0ab8-0857-4358-aeb0-e57307b5be9c","2023-03-09 14:35:12.955","man","1977","Bac+5","Salarié"
"03e55e14-7247-400a-abc3-e40a2576da68","2023-03-09 16:41:20.59","woman","1979","Bac+5","En recherche d'emploi"
"b841c954-a3c5-4bbc-a00d-3d1066ade02e","2023-03-09 20:34:13.581","woman","1987","Plus de Bac+5","En recherche d'emploi"
"ec875eeb-5a9c-4dcb-976f-86384c85b4fa","2023-03-10 21:23:57.82","woman","1961","Bac+5","Salarié"
"6e071350-bda2-4baf-806b-b7b65260dea9","2023-03-11 12:01:38.384","woman","1983","Bac+4","Salarié"
"db4fea47-cdca-44b2-8084-dd2472a84308","2023-03-27 17:35:27.549",NULL,NULL,NULL,NULL
"e0661574-f101-4a6d-b788-f6a47bb93059","2023-03-13 10:42:05.809","woman","1986","Bac+5","En recherche d'emploi"
"663c53fc-3901-4ef9-8cd4-b1b6555d345b","2023-03-13 10:55:44.025","woman","1992","Bac+3","Étudiant / En formation"
"38d83b36-f474-415a-9ad4-11ab649200ba","2023-03-13 10:55:23.336","man","2000","Bac+3","Étudiant / En formation"
"24834509-06a2-4576-9f7d-4b42ab8d7f0c","2023-03-13 10:56:50.16","woman","1999","Bac+3","Étudiant / En formation"
"bc457f26-3321-447f-a2f4-69fe646333ac","2023-03-13 10:54:14.578","man","1992","Bac+5","Autre"
"a69c84ca-fba5-47b1-868b-304fc885e2d6","2023-03-13 14:30:25.589","man","1995","Bac+3","Salarié"
"ad22b19c-42f5-4d4f-8901-8d822bed784b","2023-03-13 15:39:32.03","woman","1981","Bac+5","Entrepreneur / Chef d’entreprise"
"ac9582f5-a26a-48b0-bee9-80898dfc7519","2023-03-13 20:50:42.052","man","1986","Bac+5","Salarié"
"7f9cc380-01c5-403b-82df-686913844692","2023-03-14 11:21:36.841","woman","1961","Bac+3","Salarié"
"aa72f73d-8ac3-495e-8fe0-d04a03c46d0c","2023-03-14 11:26:13.866","woman","1991","Bac+5","Salarié"
"402d8a1f-5a52-440e-b50c-37e03f80dd34","2023-03-14 14:34:04.735",NULL,NULL,NULL,NULL
"e1db763a-c8ae-43f5-8a22-ce47ba4c53af","2023-03-14 14:33:07.414","woman","1988","Bac+3","Salarié"
"80e5a9b1-9cdb-436a-b5c4-199c945ca4a5","2023-03-14 15:36:03.983","woman","1979","Bac+4","Salarié"
"ca82b823-f372-4f71-93f4-4ba283dbf180","2023-03-14 15:38:44.883","man","1979","Bac+5","Salarié"
"3d4308f4-1628-4279-be3c-0ee909ee47e1","2023-03-14 17:50:02.959",NULL,NULL,NULL,NULL
"9c06fcb9-9f50-4a08-803f-0681006c7706","2023-03-14 20:11:57.747","man","1991","Bac+4","Salarié"
"bed1fd08-98ff-417c-afe5-b3edf76f3db0","2023-03-14 17:08:07.563","woman","1976","Bac+5","Salarié"
"b9e8bead-c1ff-4e47-ad61-112d235bf291","2023-03-15 14:32:29.405","man","1990","Bac+5","Salarié"
"9c5e3527-15af-45fb-81cf-bf41884715cd","2023-03-24 14:04:25.364",NULL,NULL,NULL,NULL
"cfc53dd0-a7c3-4cb4-8cc7-b56315e0df85","2023-03-15 09:36:43.444","woman","1983","Bac+2","Salarié"
"38fe141f-3b4c-4f04-b127-bc4211670a6d","2023-03-15 10:07:08.642","woman","1985","Plus de Bac+5","Salarié"
"0002ba65-c148-449f-a27a-e2af617c2192","2023-03-15 11:15:32.428","woman","1969","Bac+5","Salarié"
"5a9df0ef-fed4-423c-b052-63c9743e4d56","2023-03-15 14:46:43.263","woman","1969","Bac+5","En recherche d'emploi"
"91efc50b-970f-4c28-abfe-a70b30cd11ee","2023-03-15 18:25:17.545","woman","1996","Bac+5","Salarié"
"0c85979a-318e-41de-a81b-2e8a69db8d9d","2023-03-16 18:41:17.993","man","1973","Bac+3","Entrepreneur / Chef d’entreprise"
"b3b5206c-c402-4499-9084-9e7292add3ea","2023-03-16 20:36:19.051","woman","1978","Bac+5","Freelance / indépendant"
"ab448226-0eb7-4b9c-8c3b-23ada0bcf8ce","2023-03-17 13:44:49.049","woman","1977","Bac+4","Salarié"
"f684cd99-b318-41a7-a955-9d524a054887","2023-03-18 06:38:11.437","woman","1964","Bac+3","Salarié"
"1e9cdb70-45ba-4c94-9749-02c4e8d529f2","2023-03-18 09:58:14.812","woman","1992","Bac+5","Salarié"
"cc6e65b4-1ced-405a-ab43-c45fe8a7d658","2023-03-19 07:50:11.246",NULL,NULL,NULL,NULL
"a46f52b5-cd33-425c-8a23-e0571d52d936","2023-03-19 10:53:47.839","woman","1993","Bac+2","Salarié"
"fa9d441b-d57c-4f06-b875-be38c94c16e6","2023-03-19 15:14:03.747","woman","1991","Bac+5","Salarié"
"f9888dfc-8a15-4e5a-be65-9be7e7b396a4","2023-03-19 17:46:46.644","man","1967","Plus de Bac+5","Salarié"
"5dd7bdc2-dd7d-4366-b9f2-8e454b057206","2023-03-19 18:54:13.099","man","1996","Bac+5","Salarié"
"bb79ac95-1a19-4929-b6a6-4c47f5f28f36","2023-03-19 21:50:19.139","woman","1990","Bac+5","Salarié"
"f885bb02-cb9b-4d1d-afd9-2e40eaf1bef6","2023-03-20 10:24:13.668","man","1985","Bac+3","Salarié"
"faff38a1-8cd4-431b-a021-b2c8e3d2b132","2023-03-20 14:40:50.148","woman","1990","Bac+5","Salarié"
"375a47f8-ff0d-46b9-9789-5bc29e06b5c6","2023-03-20 18:57:10.721","man","1991","Bac+5","Freelance / indépendant"
"e8e1547d-0319-4a73-a8a1-52ac6dbb58e6","2023-03-21 14:29:34.84","woman","1968","Bac+5","Salarié"
"eb903deb-fbd9-44c0-9f5c-a6b1e1f295f1","2023-03-21 14:09:17.738","man","1990","Plus de Bac+5","Salarié"
"0df1b919-487c-44cd-b971-b61c49e47691","2023-03-22 11:02:02.357","woman","1977","Bac+5","Salarié"
"d018e7ff-c7a6-4808-9c3c-ddca781537ee","2023-03-22 11:25:04.934","woman","1975","Bac","Autre"
"c60f52df-da94-4f3b-873c-2590e5405727","2023-03-22 11:23:08.754","woman","1968","Bac+4","Salarié"
"030d8f35-ccdd-4ff0-ba02-9cba40c0f764","2023-03-22 14:14:08.856","man","1992","Bac+5","Salarié"
"dfaea156-f6cc-4a7e-a3cb-81a1aba155a7","2023-03-22 14:24:58.158","other","1992","Bac+3","En recherche d'emploi"
"05958de7-40b6-446d-9481-b34e6a30a0f4","2023-03-22 14:58:21.154","man","1997","Bac+5","Salarié"
"7e5895ea-62b5-46fe-86dc-9ce8d82ba0bd","2023-03-22 19:47:44.56","woman","1992","Bac+5","En recherche d'emploi"
"e8378e37-0a1a-4d68-a5f1-75c4afe55a9b","2023-03-23 08:18:18.055","woman","1976","Bac+5","Autre"
"d6310724-b9bc-46e7-ae44-0f2597ab3074","2023-03-23 08:28:49.557","man","1995","Plus de Bac+5","Salarié"
"7d8f915d-8a0e-4362-9578-8648a4cea037","2023-03-23 15:57:26.06","woman","1993","Bac+5","En recherche d'emploi"
"59b46c8f-f002-4898-b04c-ae233d54a390","2023-03-23 16:59:29.302","woman","1998","Bac+5","Break / année sabbatique"
"727ae9b6-60bb-45cc-b94b-f0b8f2009e7b","2023-03-24 09:24:21.439","man","1985","Bac+5","Salarié"
"d26dcbb4-c305-46ea-a094-d9e42798dea0","2023-03-24 10:43:04.17","woman","1987","Bac+3","Salarié"
"8f970347-5cc4-42be-9cde-b4e912ba3669","2023-03-24 11:01:27.257","woman","1988","Bac+5","Salarié"
"b359dff8-c537-41b4-a795-cdd7bab76dc9","2023-03-24 11:09:03.17","woman","1979","Bac","Salarié"
"2753ce3d-2606-46fd-b7ed-3f5aefac00b3","2023-03-24 11:13:09.056","woman","1992","Bac+5","Salarié"
"cd849ddf-3670-4f94-b03f-87e5d0eaa7a7","2023-03-24 14:28:03.162","man","1995","Bac+5","Salarié"
"1f609d3e-04f0-40d2-9b95-e4864903120c","2023-03-24 14:43:06.438","man","1993","Bac+5","Salarié"
"5c757bb6-40e2-4387-8603-d1f73e733eba","2023-03-24 14:49:06.413","woman","1978","Bac+4","Salarié"
"77ede7b4-0e8d-4034-b6f6-e51161ca9895","2023-03-25 11:03:18.052","woman","1992","Bac+5","Salarié"
"366760e5-6e0d-424b-bff4-4a669a316b15","2023-03-26 19:14:03.37","woman","1996","Bac+5","Salarié"
"24d2ed55-6e85-470b-a5a6-71fa7ca3b99c","2023-03-27 07:43:45.059","woman","1967","Bac+5","Salarié"
"e29999a9-04d4-4f56-bf4d-e3f03ce05822","2023-03-27 07:50:11.13","man","1994","Plus de Bac+5","Salarié"
"3533d52c-6eea-401f-bb73-106274ef667d","2023-03-27 08:32:16.355","man","1996","Bac+5","Salarié"
"fd8f8d39-15aa-4e85-bc4b-dcbc56e130df","2023-03-27 09:41:04.158","man","1971","Bac+5","Salarié"
"816d51dc-723b-4166-a8ff-2b00f5831f4c","2023-03-27 12:09:42.254","man","1998","Bac+5","Salarié"
"9c55311e-6d8e-4454-a1d2-6ac08d8bf937","2023-03-27 13:37:22.866","woman","1995","Bac+5","Salarié"
"5ce14aad-4c8f-4aa5-ab17-65bff589ff3b","2023-03-27 13:46:38.14","woman","1970","Bac+3","Salarié"
"a6f64ea5-ef2b-4172-a62c-b155ae2cfbe4","2023-03-27 14:09:09.458","man","1996","Bac+5","Salarié"
"096fee6c-50b2-40f4-924a-8d2936488de1","2023-03-27 15:48:48.335","man","1995","Bac+5","Salarié"
"2e74717b-0104-423a-948b-06db4eff45a3","2023-03-27 15:51:23.375","woman","1987","Bac+5","En recherche d'emploi"
"67d54d75-9877-4ef4-88f0-3028653c4335","2023-03-25 11:21:24.156","man","1992","Bac+5","Entrepreneur / Chef d’entreprise"
"996c6e0a-a54c-4946-b8de-a24243305dae","2023-03-27 17:23:20.861","woman","1992","Bac+5","En recherche d'emploi"
"5549bb8b-68e2-465b-9293-0e37f44f36e4","2023-03-27 20:17:38.951",NULL,NULL,NULL,NULL
"f4c01871-f51a-489d-94c5-d3515e7b1e32","2023-03-27 21:03:51.559","woman","1990","Bac+5","Salarié"
"39fcc6fd-e6be-49ec-8013-b8c770ed2982","2023-03-28 07:47:45.855","woman","1982","Bac+5","Salarié"
"51583364-e9fc-4ed7-893c-dc5e4d451467","2023-03-28 07:36:49.636","woman","1993","Bac+5","Salarié"
"3ad9baef-887c-4d74-836d-9e8776d6b77b","2023-03-28 08:18:53.756","woman","1986","Plus de Bac+5","Salarié"
"26498ce6-cfa5-45e5-8711-1ff360cc035e","2023-03-28 09:24:07.56","man","1992","Bac+5","Salarié"
"643074d6-68d7-4cf8-9104-b8ff3cfe3a61","2023-03-28 10:08:58.255","woman","1997","Plus de Bac+5","Salarié"
"e5d6dd4d-3ebf-483e-828c-8d8eac711a30","2023-03-28 14:07:30.251","man","1994","Bac+5","Salarié"
"01e46e48-6d87-4d6b-84f7-a1b9c730d465","2023-03-28 14:25:55.403","woman","1985","Bac+2","Salarié"
"a3a4af98-f399-4d96-a0e8-cd5f97fdcf73","2023-03-28 16:36:34.756","man","1993","Bac+5","Salarié"
"d46f5334-a461-49c2-8e96-9e421b9b37a0","2023-03-28 16:46:49.497","woman","1988","Bac+5","Salarié"
"ce17b8f5-1670-4896-abfe-a681cc954fa0","2023-03-28 17:47:04.253","woman","1992","Plus de Bac+5","Salarié"
"2dcecd7b-605a-4818-9086-7745b7e82b17","2023-03-28 17:57:46.374","man","1988","Plus de Bac+5","Salarié"
"0e0d11ab-a365-4c27-8305-7768ee1cdfce","2023-03-28 18:29:40.965","man","1982","Bac+4","Salarié"
"846f0f69-2ca1-49f5-b11c-7ee0cf806130","2023-03-28 20:13:53.705","woman","1993","Plus de Bac+5","Salarié"
"444aea39-ae72-4836-89d6-caa8ae92749c","2023-03-28 20:38:37.372","woman","1987","Bac+3","Salarié"
"3a5ddbea-3c2c-437a-a1fe-f40f0d2a461d","2023-03-28 21:12:30.654","man","1984","Bac+5","Salarié"
"3fda78ee-a9af-41d1-99d0-69c9dfa991a4","2023-03-28 23:48:39.259","woman","1984","Bac","Salarié"
"74e66415-560a-437a-b317-89faeae91f3b","2023-03-29 00:47:43.958","woman","1974","Bac+5","Salarié"
"efeca3c4-e4a7-48fc-afcd-32aba02b0d1c","2023-03-29 07:16:16.959",NULL,NULL,NULL,NULL
"f46713f7-f7df-4042-967d-31cfa1d3e446","2023-03-29 07:37:00.154","woman","1978","Bac+5","Salarié"
"fc64a823-5c9f-4d18-bed4-44984e46e345","2023-03-29 07:58:12.158","woman","1993","Bac+5","En recherche d'emploi"
"fd398be1-2691-455e-a0ae-9cc8ffc181ed","2023-03-29 08:05:23.614","man","1965","Bac+5","Salarié"
"852a2daa-b6ca-4b73-b65b-14ee20d3342e","2023-03-29 09:20:23.259","woman","1976","Bac+3","Salarié"
"74fb9d4e-1688-4a16-8d0f-3f6896f276e1","2023-03-29 09:51:56.801",NULL,NULL,NULL,NULL
"e2a9aeeb-7d20-4792-bcfc-227524550542","2023-03-29 11:12:28.252","woman","1996","Bac+5","Autre"
"ab21e926-71cc-45c6-83b2-9e7df183dfb7","2023-03-29 11:20:19.032","woman","2001","Bac+4","Étudiant / En formation"
"d0461f14-2b92-4812-b43d-ec5a25d7043f","2023-03-29 09:47:41.749","woman","1990","Bac+5","Salarié"
"2845e17b-02d4-48be-8f2a-ed5782a59fa9","2023-03-29 14:14:56.857","man","1992","Bac+5","Freelance / indépendant"
"2c0a2cbe-dff9-454e-a112-ffdbd9aad526","2023-03-29 18:34:15.054","woman","1996","Bac+5","Salarié"
"754ecc6e-7681-4905-ae40-cc085bedbe87","2023-03-29 19:00:28.134","woman","1988","Bac+5","Salarié"
"d936cb74-84ba-4ba7-8884-e6fc42157ef3","2023-03-30 07:58:58.249","woman","1993","Bac+5","Salarié"
"d8a21835-0301-49fa-8f06-e3798714e360","2023-03-30 09:39:54.055","woman","1984","Bac+4","Salarié"
"4bba9503-2139-4023-b6fa-c96e0513ac10","2023-03-30 09:51:30.927","woman","1991","Bac+5","Salarié"
"b2ea5fc2-3002-4463-a0db-6690228747bf","2023-03-29 09:40:15.457","woman","1984","Bac+5","Salarié"
"ce22f99f-956f-41b9-8cc8-7df8d7831a23","2023-03-29 14:47:37.856","woman","1993","Bac+5","Salarié"
"83a32ada-760e-4b5b-95d7-7a819d60a283","2023-03-30 10:25:56.334","woman","1996","Bac+5","Salarié"
"d90973ee-9720-4cf5-b688-bbdd4e0a684d","2023-03-30 11:24:41.554","man","1984","Bac+5","Salarié"
"0b06c97c-b7b9-4811-9055-bc8f0573cae5","2023-03-30 09:55:00.048","man","2001","Bac+5","Étudiant / En formation"
"80e631aa-236b-4685-b5f2-164ff9b21190","2023-03-30 12:45:18.056",NULL,NULL,NULL,NULL
"53bc3c42-e3d8-4378-859b-601e6afc9716","2023-03-30 14:02:58.654",NULL,NULL,NULL,NULL
"2986c0d3-a658-4482-b675-944e0230ccab","2023-03-30 15:06:20.153","woman","1992","Plus de Bac+5","Salarié"
"a056403d-5605-4907-8c33-2559c8858494","2023-03-30 15:10:29.601","woman","1964","Bac+5","Autre"
"0a493c6d-f0e1-4082-a077-dd959008e36d","2023-03-30 16:48:48.952","woman","1969","Bac+3","Break / année sabbatique"
"46deb6cd-9a87-4986-a21d-b2cb1d521679","2023-03-30 16:53:36.114","woman","1965","Bac+5","Freelance / indépendant"
"3012ad03-9c9d-4ced-8f92-f6c59d7fb047","2023-03-30 16:59:24.854","woman","1993","Bac+5","Salarié"
"0e3719d0-cf2e-41db-bd14-0fcd64fe4f16","2023-03-28 18:09:16.655",NULL,NULL,NULL,NULL
"8aea65c3-7fcc-482a-bf47-df57d2c4fb71","2023-03-30 17:37:07.86","man","1957","Bac+4","Salarié"
"2a4db698-2837-4323-989b-0287fca1a909","2023-03-30 17:44:00.594","woman","1976","Bac+5","Salarié"
"acb9c0c4-5f3b-444e-a169-7b1e3e0c0e6b","2023-03-30 17:56:45.966","woman","1987","Bac+5","Salarié"
"7c6edf15-9d3f-45a3-b80f-539e7bee18c6","2023-03-30 18:38:43.348","woman","1999","Bac+5","En recherche d'emploi"
"23dfb3d2-a731-4f29-b86f-22aff9a6008d","2023-03-30 20:55:00.057","woman","1977","Bac","Salarié"
"e8b6f3a0-3eb6-498e-a066-d586a97c99dd","2023-03-30 21:37:05.21","woman","1983","Plus de Bac+5","Salarié"
"d95d588f-3c22-4e30-99c3-f0cf7a33ad40","2023-03-31 03:37:07.462","woman","1972","Bac+4","Autre"
"6a8751d1-1f93-4ea3-a708-53dc466a9983","2023-03-31 06:17:16.553",NULL,NULL,NULL,NULL
"9e9e82b3-e6c3-4440-aeec-472b3d9a35a9","2023-03-31 06:55:31.856",NULL,NULL,NULL,NULL
"086ce3e9-1a01-4074-bb6b-2689849c2b37","2023-03-31 07:45:40.451","woman","1996","Bac+5","Salarié"
"5569a37d-4062-4961-98b3-bab23aa48909","2023-03-31 07:50:31.925","man","1989","Plus de Bac+5","Salarié"
"9a864bff-811d-4b4e-8fb2-dda20a7133b9","2023-03-31 08:29:52.855","man","1995","Bac+5","Salarié"
"4f1b8b13-64bb-420d-86ea-0573dce1d809","2023-03-31 08:46:16.469",NULL,NULL,NULL,NULL
"1e37e7ec-27d0-48a7-bbe9-b81372b2429d","2023-03-30 21:16:16.559","woman","1983","Bac+4","Salarié"
"378261f2-18e1-416b-9bac-424d2f651dff","2023-03-31 09:23:08.82",NULL,NULL,NULL,NULL
"7f8dcf76-774f-4120-83d3-a9c3a110585a","2023-03-31 09:20:17.852","woman","1990","Plus de Bac+5","Salarié"
"82373f25-785a-41e5-bcb5-0411deed5688","2023-03-31 11:50:00.199",NULL,NULL,NULL,NULL
"aae9c3f5-4bc0-4267-b74a-77a3b87d2cfb","2023-03-31 11:48:54.255","woman","1999","Bac+5","Freelance / indépendant"
"37f06552-efab-4d76-9df7-0e8bb8efc812","2023-03-31 11:49:18.322","man","2000","Bac+5","Salarié"
"bf5716a7-0390-4f3b-9d0b-bd742c9dc7b5","2023-03-31 11:51:30.264","woman","1999","Bac+5","Salarié"
"768f65ef-8af9-4dda-aff5-33703ab71331","2023-03-31 12:13:00.808","woman","1998","Bac","Étudiant / En formation"
"78536250-6ae4-44c1-bf26-f5c19a11413b","2023-03-31 13:19:15.453","man","1998","Bac+5","Salarié"
"b31bd20c-fbc1-4dd7-8483-b3504e2ed569","2023-03-31 17:54:06.954","woman","1993","Bac+5","Salarié"
"1a4ec485-e9c0-450b-aaad-784cddf513fe","2023-03-31 22:28:15.054","woman","1991","Bac+5","Break / année sabbatique"
"cf125eb7-dbc6-4ede-a812-4effe44a2315","2023-04-01 03:01:39.756","woman","1967","Bac+5","Salarié"
"9f5f0c84-9bb7-43b3-8b45-e5804d3dd51b","2023-04-01 10:44:46.163",NULL,NULL,NULL,NULL
"c94f6c8c-f793-43a6-b5a7-90ffb5a92382","2023-04-01 11:39:27.264","man","1972","Plus de Bac+5","Entrepreneur / Chef d’entreprise"
"3c4b8942-0d46-4a17-8524-7d9208db90c2","2023-04-01 19:46:17.768","woman","1975","Plus de Bac+5","Break / année sabbatique"
"264d81d6-53e7-413e-9cf8-00702efeb23d","2023-04-02 13:42:35.855","man","1993","Bac+5","En recherche d'emploi"
"332ac836-bb96-47ef-9bfa-a74c429173a5","2023-04-02 19:16:08.555","man","1974","Bac","Salarié"
"6599eb78-0089-4a88-80af-294d2f65f7ca","2023-04-02 20:33:16.255","woman","1969","Bac+5","En recherche d'emploi"
"55dcf462-5ad8-4877-b9b8-12f2b6366334","2023-04-02 20:36:25.832","man","1986","Bac+5","En recherche d'emploi"
"9bcce290-d949-48ab-ad0b-33579e668697","2023-04-02 10:01:32.157","man","1969","Bac+4","Entrepreneur / Chef d’entreprise"
"ad5e80d5-658f-4b94-ab2a-1744e466c06d","2023-04-02 17:34:39.554","woman","1975","Bac+3","Autre"
"6fb521e3-e40e-4d39-aa89-8e8ddf1d2067","2023-04-02 22:25:33.954","woman","1990","Bac+5","Salarié"
"57285b71-7d10-41f2-99ea-cc85100b6bdf","2023-04-03 07:30:54.258","woman","1979","Bac+5","Autre"
"ac24966e-b3f9-4da5-923c-b2e99598a45e","2023-04-03 08:25:06.747","woman","1983","Bac+5","Salarié"
"ddc6aee0-ff68-4e67-948f-679458de0631","2023-04-03 09:33:01.65","man","1989","Bac+4","Salarié"
"dd6b2a84-8c8c-4536-a127-7bf1bd6bea37","2023-04-03 09:42:57.424","woman","1971","Bac+2","En recherche d'emploi"
"cffcb345-0b64-401b-8d8c-d8c297185f68","2023-04-03 10:02:49.452",NULL,NULL,NULL,NULL
"d315982c-afc7-4020-acd3-f1ca3c1e55a9","2023-04-03 11:01:08.565","woman","1979","Bac+2","Salarié"
"e840e22e-0eaf-4f26-9fd4-9c04d17722f6","2023-04-03 13:04:57.461","man","1994","Bac+5","Salarié"
"7263af4a-b870-4306-9ab4-2625420160fb","2023-04-03 14:36:46.152","woman","1996","Bac+5","Freelance / indépendant"
"713940cf-595e-4b02-98e9-1808c0f5e9c7","2023-04-03 15:20:28.952",NULL,NULL,NULL,NULL
"d44c830e-4434-4678-9f39-c7cdb6ff5ab3","2023-04-03 15:39:03.656","man","1989","Bac+5","Salarié"
"2eb6ac89-4a64-43b0-b0a2-b848a909207a","2023-04-03 16:43:22.355","woman","1973","CAP/BEP","Salarié"
"30c8d9d1-d62b-46f3-846e-deb202df65b1","2023-04-03 18:36:16.971","woman","1993","Bac","Salarié"
"9114e2eb-1053-4a58-93cb-32d907a0a83a","2023-04-03 18:45:35.948","woman","1974","Bac+3","Salarié"
"21e17be9-ce56-4edc-9823-8abe4b8255b1","2023-04-04 07:53:32.758","man","1972","Bac+3","Entrepreneur / Chef d’entreprise"
"5b13fd24-3ad1-4775-9b3f-f627854273b4","2023-04-04 09:30:26.37","woman","1973","Bac+5","Salarié"
"4c723796-13dc-489a-9da0-c4bd5a7690a2","2023-04-04 12:02:23.153","man","1977","Plus de Bac+5","Salarié"
"a2fa3507-a07f-4350-bc2f-bdb34af46bc4","2023-04-04 14:32:02.956","woman","1983","Bac+5","Salarié"
"a902f0da-4e1d-4fd0-b2fa-19382c47be65","2023-04-04 17:16:29.352","woman","1988","Plus de Bac+5","En recherche d'emploi"
"03834117-39cd-481e-96ed-f9d87cac64de","2023-04-04 18:06:29.147","woman","1988","Bac+3","Salarié"
"0498e05f-1fd9-47da-8c6f-2524638fcf68","2023-04-04 19:32:12.353","woman","1980","Plus de Bac+5","En recherche d'emploi"
"bc3ee3ad-e05e-4060-b1d6-93aee99da22b","2023-04-05 02:42:55.551","woman","1976","Bac+4","Salarié"
"0d3fc335-8602-4ec5-b959-527ae6121da4","2023-04-05 03:13:30.354","woman","1992","Bac+4","Salarié"
"f3aa3a69-e50e-467e-9fdd-93ef42b118b1","2023-04-04 21:38:57.454","woman","1989","Bac+3","Entrepreneur / Chef d’entreprise"
"40f1214c-012b-4efe-925f-25dfb501e68f","2023-04-05 09:11:39.846","man","1985","Bac+3","Salarié"
"a1459cc5-bbb2-4d1e-a94c-8fa202dbee92","2023-04-05 09:52:10.427",NULL,NULL,NULL,NULL
"458b3912-7741-4da6-80e6-f7e345e02b25","2023-04-05 11:00:57.055","woman","1977","Bac+5","Salarié"
"2947d836-f3b4-464e-92ee-61c99328a581","2023-04-05 12:21:10.254",NULL,NULL,NULL,NULL
"6ba5997e-b894-471f-b5f0-8a804b807953","2023-04-05 08:58:27.342","man","1994","Bac+5","Salarié"
"2aae3256-ed32-4633-9c22-0291f5951c8b","2023-04-05 17:46:16.754","woman","1992","Bac+5","Salarié"
"f99e7169-2873-43a2-8948-e8c380b0751c","2023-04-05 20:37:57.948","woman","1983","Bac+5","Salarié"
"572b6778-4763-44da-9ffa-13cf97b1c104","2023-04-05 21:49:37.456","woman","1979","Bac+5","Autre"
"140b23ac-8ab7-470d-aa87-824ec1f25694","2023-04-06 08:07:24.066","woman","1994","","Autre"
"3c5266e0-636f-425c-81d5-16bc1436fbe3","2023-04-05 09:03:24.972","man","1995","Bac+5","Salarié"
"d391bcf0-8a12-474b-a6e3-90da2434db88","2023-04-06 18:27:11.066","man","1993","Les études et moi, ça faisait deux","Salarié"
"1411fcf9-7a84-44c1-98ce-88778102a34c","2023-04-06 19:14:28.262","woman","1987","Bac","Salarié"
"bf075512-02cc-4659-bf65-62843bf53b82","2023-04-06 21:16:50.749","woman","1996","Bac+5","Salarié"
"a5cbf8bb-c08b-4bb4-8ea2-cca769181ac9","2023-04-07 03:50:40.011","woman","1973","Bac+5","Salarié"
"dcb16e6b-58aa-45b3-997b-9a73f7292fde","2023-04-07 05:39:34.616","woman","1990","Bac+5","Salarié"
"080455c6-b2b7-4798-b830-ad9d9d7cd43e","2023-04-07 07:20:16.763","woman","1970","Bac+5","Salarié"
"681369f1-4a96-4b3b-9f90-0ba72a178c62","2023-04-07 07:25:39.276","woman","1988","Bac+3","Salarié"
"808d2e53-b744-4dbd-a901-e531f65a6f00","2023-04-07 08:53:37.272","woman","2000","Bac+5","Étudiant / En formation"
"613888c5-ce9c-4b44-a514-294564f5deaf","2023-04-07 08:53:16.784","man","1999","Bac+5","Étudiant / En formation"
"66ce009c-c5a5-4e36-9abc-b64ead3659a4","2023-04-07 08:54:02.524","man","1998","Bac+5","Salarié"
"4f5b651f-c2a2-4954-ae4e-28ce69d296a0","2023-04-07 08:55:54.372","woman","1999","Bac+4","Étudiant / En formation"
"e18b5869-573f-4c2f-90fa-eac090eb21c7","2023-04-07 08:54:35.893","woman","1999","Bac+5","Salarié"
"0e0335ea-b93a-41f3-877e-f09061d950e5","2023-04-07 08:54:46.99","woman","1998","Bac+5","Salarié"
"84b9c415-0d91-41a3-accd-b868b9dcb8f3","2023-04-07 08:55:23.562","woman","2000","Bac+5","Étudiant / En formation"
"47c09dd9-d414-4ea0-9468-66588a28f99d","2023-04-07 08:54:17.165","woman","2000","Bac+5","Autre"
"aab5aa9e-99b2-4609-a2ed-d890bb88085b","2023-04-07 08:54:21.373","woman","2000","Bac+5","Étudiant / En formation"
"cb5f2a77-8bdd-4fd8-9d82-4eb5dfd76418","2023-04-07 08:53:50.965","man","2000","Bac+5","Étudiant / En formation"
"db7a8d24-c38d-46cd-baa3-367e5f2f6c08","2023-04-07 08:53:44.638","woman","2000","Bac+5","Salarié"
"0a15d341-cef6-4f55-abb9-274cfcf88456","2023-04-07 08:56:10.429","man","1997","Bac+5","Salarié"
"8870cb10-0931-429f-8951-620c746485c5","2023-04-07 08:53:28.84","woman","2000","Bac+5","Étudiant / En formation"
"9bda814a-6f3e-407d-8d75-8c8d5e373478","2023-04-07 08:54:30.415","woman","1999","Plus de Bac+5","Étudiant / En formation"
"75b71fe8-99bd-4cad-9a13-0d4260e3ab58","2023-04-07 08:54:02.25","woman","2000","Bac+5","Étudiant / En formation"
"48a46b2d-ee9d-4e81-a751-f7b88890ba69","2023-04-07 08:54:17.621","woman","2000","Bac+5","Étudiant / En formation"
"52838b83-a00f-4b90-a54c-66060b7d5f9a","2023-04-07 09:00:32.384","man","2000","Bac+5","Étudiant / En formation"
"0000f791-dc91-40b3-8289-448a2ac90cce","2023-04-07 08:53:50.449","woman","2000","Bac+5","Étudiant / En formation"
"843ba3ed-eb4a-4d7d-b2e5-c72ced8c5046","2023-04-07 08:54:33.249","woman","2000","Bac+5","Étudiant / En formation"
"9c881d92-3dd8-4cfd-860b-77fd741eec43","2023-04-07 09:54:57.608","woman","1980","Bac+5","En recherche d'emploi"
"b9ed1470-b610-4e38-9379-cdd5a463c58a","2023-04-07 11:29:25.46","man","1995","Bac+5","En recherche d'emploi"
"38a62de2-71f5-4908-bd40-36bbe953f984","2023-04-08 16:29:06.062","woman","1964","Bac+5","Salarié"
"fa907b46-7da5-44f5-81da-92d16831d1cc","2023-04-07 12:03:06.842","woman","1996","Bac+3","Salarié"
"b2729daf-2b5b-44fc-a84e-31b3262d3356","2023-04-07 16:19:42.893","woman","1995","Bac+5","Salarié"
"dadf1504-5c24-45df-bed8-e92afd9e8651","2023-04-07 22:51:54.108","woman","1995","Bac+5","Salarié"
"4ddfb148-f766-4c88-8f1e-36f41df90473","2023-04-08 07:19:32.832","woman","1996","Bac+3","Salarié"
"d9876d7c-0d7a-4c0d-aa33-53b1324907e5","2023-04-08 07:20:48.806","man","1993","Bac+5","En recherche d'emploi"
"4f77ca3e-f28d-4dfd-a4b1-fb9095c9c1ae","2023-04-08 18:41:16.138","woman","1984","Plus de Bac+5","Freelance / indépendant"
"5b2f0280-0b9e-4481-8a5f-e57da3dc3766","2023-04-08 19:26:07.462","woman","1972","Bac+5","En recherche d'emploi"
"73919874-f239-4a52-9064-3fa520de6abb","2023-04-08 15:51:26.034","man","1990","Bac+5","Salarié"
"e3dcde86-6864-4136-9b33-918d2ea54b55","2023-04-08 21:58:24.356","woman","1987","Plus de Bac+5","Salarié"
"bbe2f685-c102-44f3-8393-d0522b24a6d2","2023-04-09 07:24:48.314","woman","1990","Bac+5","Salarié"
"7aa2d72e-3c87-4176-a059-31c58fce557c","2023-04-09 08:04:43.502","man","1987","Bac+5","Étudiant / En formation"
"dbe9d837-f8e6-42f6-b812-e77c3d6a4fd4","2023-04-09 08:33:38.503","man","1990","Bac+3","Salarié"
"3bf546f4-dfb0-492b-a23d-a06996d33e5d","2023-04-09 16:57:56.703","woman","1971","Plus de Bac+5","Salarié"
"3b84e2f6-fc79-45cb-a238-0b0e850db4fc","2023-04-09 18:58:02.79","woman","1999","Bac+5","Autre"
"ffdfac21-e26f-4be9-ac91-b0caf462eb8a","2023-04-09 21:06:34.215","woman","1984","Bac+5","Salarié"
"448f04d4-84af-48a1-9155-16c185a62a1f","2023-04-09 21:56:09.321","woman","1997","Bac+5","En recherche d'emploi"
"0746edbf-dc1d-4192-a081-67672d0e59e9","2023-04-10 01:20:27.376","woman","1984","Bac+5","Salarié"
"243f5ec6-cfce-4a11-91f9-64b7aac15f4d","2023-04-10 04:27:13.073","woman","1989","Bac+4","Entrepreneur / Chef d’entreprise"
"1d0bdf88-d691-464b-84b7-d4e735b7b3be","2023-04-10 06:54:01.347","woman","1959","Bac+5","Salarié"
"227e324e-97c8-4cfe-be5f-90eac4a8829d","2023-04-10 13:25:54.223","woman","1964","Plus de Bac+5","Salarié"
"d0124573-95a4-4020-8b7e-fdfdc217c40e","2023-04-10 14:18:15.805","woman","1983","Bac+5","Freelance / indépendant"
"45d0a187-79da-473c-a10d-9c0bf895b7c4","2023-04-10 15:47:04.239","woman","1988","Plus de Bac+5","Salarié"
"9e5c2212-84e5-469d-b290-d5cb1a9aaa16","2023-04-10 21:55:11.894",NULL,NULL,NULL,NULL
"3cf2c999-6c41-4ab7-a65e-68a8330e8d51","2023-04-11 04:23:40.168","woman","1995","Bac+5","Freelance / indépendant"
"10724f26-8468-4ef8-b4d6-00e0930b4f5e","2023-04-11 05:45:04.126","woman","1981","Plus de Bac+5","Autre"
"dffd04b2-de3d-40e5-b5dd-2db7df509b48","2023-04-11 06:36:45.271",NULL,NULL,NULL,NULL
"fed27d66-8706-4ca7-aa61-388c3d676fce","2023-04-11 10:57:35.101","man","1993","Bac+5","Salarié"
"fb59e860-493c-40fb-99f2-439a6f6e1c00","2023-04-11 12:49:20.622","man","1993","Bac+5","Salarié"
"b732fe4d-4f61-4d9d-8994-125cf537143d","2023-04-11 07:59:24.547","woman","1972","Plus de Bac+5","Salarié"
"d15e5b30-3dbf-41f3-a46a-5a11a728c95c","2023-04-11 09:15:15.596","woman","1998","Bac+5","Salarié"
"ee284eff-2798-4c81-89fb-9b30dd28d8b2","2023-04-11 14:38:46.492","woman","1993","Bac+5","Salarié"
"e2bcb142-c828-4e4b-a94f-c760188d211d","2023-04-11 15:51:22.591",NULL,NULL,NULL,NULL
"954b7d7f-06e9-4c1d-99d0-ff7c9d9148b4","2023-04-11 16:05:09.157","woman","1978","Bac+4","Salarié"
"3fa22130-f383-45b1-964a-958260574bab","2023-04-11 16:38:03.043",NULL,NULL,NULL,NULL
"f7e5a331-06b4-4801-a7ad-6cfbdc66a980","2023-04-11 17:17:29.695","woman","1981","Bac+5","Salarié"
"d121b7eb-6b2c-4381-8735-6f1adeb9a504","2023-04-11 18:07:20.786",NULL,NULL,NULL,NULL
"e0c95f47-dc46-4c48-a163-1e199d521530","2023-04-11 21:36:09.591","woman","1992","Bac+5","Salarié"
"56ea7e5e-9bcd-438a-9e56-c54cc890a2e9","2023-04-11 22:18:49.385",NULL,NULL,NULL,NULL
"9ac5f04e-c711-4100-bcaf-9228c02dbef7","2023-04-11 23:13:44.469","man","1995","Bac+5","Étudiant / En formation"
"48ed9a77-281f-4321-a3ca-6c181ae4dcaa","2023-04-12 06:29:10.46","woman","1993","Bac+5","Autre"
"a5acdcf2-53ff-422a-ad95-6335d6a2686c","2023-04-12 07:04:42.29","woman","1976","Bac+2","Salarié"
"ab2bea29-9cfa-4831-8b26-9512a6c1d589","2023-04-12 11:23:04.674",NULL,NULL,NULL,NULL
"9bcaaf0c-3132-44f0-966d-1f290d91ffd1","2023-04-12 12:09:30.365","man","1995","Bac+5","Salarié"
"cdcdd7ed-2c11-49f6-af1f-b6ddca704fc9","2023-04-12 14:00:07.31","woman","1981","Plus de Bac+5","Salarié"
"0695556e-f82e-4655-a3a9-f07ba39b3c6a","2023-04-12 14:26:45.089","man","1983","Bac+3","En recherche d'emploi"
"2fad9d00-0b5b-413a-913e-99f7cc0bcb5f","2023-04-12 21:26:29.005",NULL,NULL,NULL,NULL
"01cf76d8-1d25-4ebd-ad73-821bf3b94939","2023-04-13 08:11:51.771",NULL,NULL,NULL,NULL
"bee8466d-5861-4ff5-81e0-47918a57e054","2023-04-13 08:21:13.482",NULL,NULL,NULL,NULL
"9d156b0a-659d-417f-8cc4-79b04e72f1fb","2023-04-13 08:13:26.64","woman","1994","Bac+5","Salarié"
"e802847e-399b-46fe-9627-1f40f8f75fe3","2023-04-13 09:27:39.864","woman","1996","Bac+5","Salarié"
"b7937659-92cb-43af-8ab3-5eab751ed75e","2023-04-13 09:39:04.575",NULL,NULL,NULL,NULL
"b82fa911-b0bc-4de8-88eb-df2455aa6252","2023-04-13 10:56:00.581","woman","1969","Bac","Break / année sabbatique"
"50a4a511-e772-4201-b226-158ef5285709","2023-04-13 12:12:47.976",NULL,NULL,NULL,NULL
"24ee029f-e889-4c96-ae57-48d206d6148d","2023-04-13 16:19:08.551",NULL,NULL,NULL,NULL
"4912c6f3-7fdd-40c9-9e8e-31a0e2634d10","2023-04-14 05:04:55.029",NULL,NULL,NULL,NULL
"cbafd95f-aec8-4a9e-b14a-136e4b2a555e","2023-04-14 06:34:37.074",NULL,NULL,NULL,NULL
"d839f2a6-2c2d-4608-8a58-fac6e742943d","2023-04-13 15:44:49.362","woman","1989","Bac+5","Salarié"
"78eaee94-5daa-42a0-a388-54144ff9f62b","2023-04-14 08:50:01.164","woman","1996","Bac+3","En recherche d'emploi"
"8a32428b-44aa-4190-bcb4-c0a3c5eb850d","2023-04-14 10:22:05.921",NULL,NULL,NULL,NULL
"cba70674-f03b-4393-8cff-4a7214bae3d9","2023-04-14 10:10:46.29","man","1990","Bac+5","Salarié"
"356c99ec-9f6f-4927-853d-ba9715e5cfdc","2023-04-14 18:30:53.805","woman","1995","Bac+5","En recherche d'emploi"
"927fba7b-0370-4c69-abdb-b41c5abe7c13","2023-04-15 12:13:20.906","man","1968","Plus de Bac+5","En recherche d'emploi"
"1ac9cc7a-e6f8-4231-84de-b6192b9e9372","2023-04-15 17:03:26.719","woman","1994","Bac+5","Salarié"
"10fba6fe-f21f-4c53-bdf2-80ae47850750","2023-04-16 02:11:30.261","woman","1992","Bac+5","Salarié"
"27716517-f8ed-44fa-bc34-ab5b3fa284dd","2023-04-16 05:14:57.03","man","1990","Bac+5","En recherche d'emploi"
"bba6b379-6265-4f35-8a04-5cb348016d2e","2023-04-13 18:31:05.024","woman","1994","Bac+5","Salarié"
"34823ae5-76bb-4130-a659-a0991649b0ea","2023-04-16 07:52:21.221","woman","1991","Bac+2","Autre"
"7cb3c3d2-c8f2-4a2a-9c1d-cbd5fa189165","2023-04-16 20:56:30.053","man","1981","Plus de Bac+5","Salarié"
"914d261b-1d40-4bb0-8751-c3ef026d6bfa","2023-04-17 10:10:44.351","man","1990","Bac+5","Salarié"
"71a63466-0a1e-42f3-ae16-eaa51dcce755","2023-04-17 10:56:17.863","man","1984","Bac+5","Salarié"
"374b12e3-8c35-49d0-80b8-b0cb1a66709d","2023-04-17 13:16:43.845","woman","1980","Plus de Bac+5","Salarié"
"99d3d2d4-d11d-4f16-980c-1643268f1823","2023-04-17 14:04:22.97","woman","1980","Bac+2","Salarié"
"b924e95e-1c41-49f9-95f2-d5aa7c1588da","2023-04-17 17:35:02.68","man","1994","Bac+3","Salarié"
"80746dc5-fd07-40fd-a720-732551040251","2023-04-18 08:19:12.412","man","1977","Plus de Bac+5","Salarié"
"0f045807-1c75-4d14-9c2c-48c9fbb9b0f4","2023-04-17 13:29:25.13","woman","1998","Bac+5","Salarié"
"5ad96253-19f2-4f57-94d8-57e99dddca54","2023-04-19 07:46:58.565","man","1964","Bac+4","Salarié"
"b5765c1d-890f-40b7-bebe-d08e11f7f59c","2023-04-19 09:22:32.406",NULL,NULL,NULL,NULL
"1f292b71-b82f-4d45-8292-7d65a48dbf57","2023-04-03 13:23:56.762","woman","1981","Bac+2","Salarié"
"0d0be3a0-1cac-4f65-9a42-0d09e9eec693","2023-04-19 14:20:12.574","woman","1996","Plus de Bac+5","Étudiant / En formation"
"e1d3e61e-db6f-4e82-a6f6-95d0dff52bb2","2023-04-19 14:52:24.858","woman","1991","Bac+3","Salarié"
"29dffed6-8a88-48b6-b2da-ac36ab9bf25d","2023-04-19 18:58:54.65","woman","1988","Plus de Bac+5","Salarié"
"25cfb963-013d-4ee7-b7af-c0dd10491050","2023-04-19 22:32:19.211","woman","1977","Plus de Bac+5","Freelance / indépendant"
"115cb12c-4847-452c-afc7-3c91877c4057","2023-04-20 08:15:14.609","woman","1989","Bac+5","Salarié"
"bddd8281-3707-4f82-9587-19b4df4d0914","2023-04-20 14:28:18.169","woman","1975","Bac+3","Salarié"
"275ea113-58b2-44fb-ad30-4187cdea03fd","2023-04-21 13:49:42.072",NULL,NULL,NULL,NULL
"65c7a79c-0d92-406e-8a28-e0939ec0119d","2023-04-21 13:49:35.166","man","2000","Bac+5","Étudiant / En formation"
"3ab214b3-683a-4e8c-a7ec-3b4305eb65f8","2023-04-21 13:49:34.732","woman","2000","Bac+4","Étudiant / En formation"
"558f4174-1225-4c12-a43b-bc968fdfc90a","2023-04-21 13:51:14.635","man","1999","","Étudiant / En formation"
"9e49ea73-e3d5-4e31-9770-56aa471c21c8","2023-04-21 13:49:46.511","woman","2000","Bac+5","Étudiant / En formation"
"f7349d83-a6e4-49cb-a1ee-86a7437b7f6b","2023-04-21 13:49:57.389","woman","2000","Bac+5","Étudiant / En formation"
"78109a9e-4d0f-4c15-bbf4-850196f49585","2023-04-21 13:49:28.676","woman","2000","Bac+5","Étudiant / En formation"
"374ede1a-22fd-491d-bb5f-27465db8726b","2023-04-21 13:49:32.189","woman","2000","Bac+5","Étudiant / En formation"
"41ea7e89-d5c6-4508-9deb-69cf0521389c","2023-04-21 13:49:54.37","woman","1999","Bac+5","Étudiant / En formation"
"11613a9d-cd3c-49c0-8676-093d281621b7","2023-04-21 13:49:40.744","woman","2000","Bac+5","Étudiant / En formation"
"df1e2e12-04ee-42d6-9ef9-5281343dc5f8","2023-04-21 13:49:25.761","woman","2000","Bac+5","Étudiant / En formation"
"cd6cab45-852e-4fdf-bbb5-ef6422e244fb","2023-04-21 13:52:03.153","woman","1999","Bac+5","Étudiant / En formation"
"68b08303-c38c-44e3-a2f7-e0c921d2fb79","2023-04-21 13:49:52.626","woman","1999","Bac+4","Étudiant / En formation"
"d82cbce3-0d76-432e-8adc-ffc7b15df4f2","2023-04-21 13:56:45.44","woman","2000","Bac+5","Étudiant / En formation"
"119b4e3c-6224-4549-9aa4-30e21489f143","2023-04-21 14:04:38.118",NULL,NULL,NULL,NULL
"dcb2b3a5-35f8-48ff-920c-586e6a10e4f9","2023-04-21 14:02:24.362","woman","2000","Bac+5","Étudiant / En formation"
"d0a1b82e-21a7-4734-9cc1-d5f92f125b1e","2023-04-21 15:17:40.31","woman","1991","Bac+5","En recherche d'emploi"
"1b4f7de2-4625-4890-a38e-aa8a3bfadc8a","2023-04-22 10:04:25.214","man",NULL,"CAP/BEP","En recherche d'emploi"
"be93ad87-f825-46b2-a61f-8f921f3e68e0","2023-04-23 08:34:37.865","woman","1999","Bac+5","En recherche d'emploi"
"47faff98-a9ce-4824-9930-4a3a1b4500e7","2023-04-23 16:51:29.193","man","1961","Plus de Bac+5","Salarié"
"ab07855e-1a0e-4f4b-822d-2490cd770792","2023-04-23 19:58:33.031","woman","1991","Plus de Bac+5","Salarié"
"8ce99d79-67e3-486c-855b-4c0889d9fb5d","2023-04-24 10:17:11.948","woman","1993","Bac+4","Salarié"
"fbf82077-b9e4-4ab1-a1a6-5ec68a297dad","2023-04-24 10:28:17.23","woman","1992","Bac+5","Salarié"
"bb47c6f2-3bc0-48f0-91c7-6d1bac857a4b","2023-04-24 12:11:01.614","woman","1993","Plus de Bac+5","Salarié"
"899f7517-f961-4f02-9942-bf7751b55ee5","2023-04-25 10:23:24.075",NULL,NULL,NULL,NULL
"f8627075-2ca9-47df-9a26-c880f4b425f5","2023-04-25 11:22:46.601","woman","1995","Bac+5","Salarié"
"c595aa0e-5a14-4f8f-9884-0717276c7a79","2023-04-25 12:53:30.262","woman","1977","Bac+5","Salarié"
"828175d0-b04d-4a6d-9b33-90ca74cc8f66","2023-04-25 13:46:14.352","man","1985","Bac+5","Salarié"
"14266811-e443-47f3-97ba-69fae081237b","2023-04-25 14:12:45.108","woman","1992","Bac+5","Salarié"
"64b9144b-df50-4f71-a3b1-8f01b689ab4c","2023-04-25 18:44:34.429","woman","1964","CAP/BEP","En recherche d'emploi"
"0d15502f-afeb-4a05-9a4f-1ad81b1d8a94","2023-04-26 10:39:53.573","woman","1977","Bac+5","Autre"
"7026604a-1208-4d1d-aada-2723e2ff817c","2023-04-26 12:37:10.085","woman","1985","Bac","En recherche d'emploi"
"e946d9f2-c372-4b16-9c23-0bebab53155f","2023-04-25 13:35:00.508","woman","1981","Bac+3","Salarié"
"ee9936ca-30e9-4f46-9650-ddef41c8dccf","2023-04-26 15:40:42.633","woman","1991","Bac+5","Salarié"
"22c51057-4e1e-4961-bf9b-fdd931e2ecf6","2023-04-26 15:44:51.105","woman","1989","Bac+5","Salarié"
"029a8da1-a6c0-4f31-962a-a4ed4871f4b5","2023-04-27 05:04:30.982","woman","1995","Plus de Bac+5","Étudiant / En formation"
"1b117290-8d6c-493e-9cc6-ac9cb0817515","2023-04-27 09:18:07.217","man","1990","Bac","Salarié"
"eb38208e-288c-4c67-ad36-07d1dfdb5e7f","2023-04-27 09:19:49.065","woman","1967","Bac+5","Autre"
"e00ccb7c-4fcb-456b-8d9c-8e455c40e026","2023-04-27 14:19:01.669","man","1990","Plus de Bac+5","Salarié"
"426c5b77-a46f-4be7-b1cd-37cc62314680","2023-04-27 19:16:15.833","man","1987","Bac+5","En recherche d'emploi"
"7eb14ba6-a63b-4c96-abaa-677436a115c6","2023-04-27 20:24:02.451","man","1996","Plus de Bac+5","Étudiant / En formation"
"2d0a04e2-b0cf-4368-a2e1-9a0e114f1acc","2023-04-27 21:07:09.908","man","2002","Bac+3","Étudiant / En formation"
"18ae448e-9f47-4c39-913e-553cbe226b76","2023-04-27 21:53:23.332","woman","1996","Bac+5","Salarié"
"797294ea-7cad-43bc-9192-d0b979148331","2023-04-27 22:41:45.636","man","2000","Bac+4","Étudiant / En formation"
"1859facf-0a46-4e96-981d-a330b2afd7a6","2023-04-27 22:50:08.973","woman","1985","Bac+2","En recherche d'emploi"
"9fa0aba3-e5ff-4c13-9ae5-a728c9aca439","2023-04-27 21:26:31.44","woman","1989","Plus de Bac+5","Salarié"
"d5cbe6dd-90ba-4d62-9a5e-1a3e30cc838c","2023-04-28 05:26:55.221","woman","1970","Bac+4","Salarié"
"b6e7543a-89dd-44f5-8df6-6a585f63954a","2023-04-28 07:10:41.057","woman","1995","Bac+5","Salarié"
"b11f3a53-a7f5-483c-abc7-3b369e451a1e","2023-04-28 08:23:28.719",NULL,NULL,NULL,NULL
"8480a885-8aee-4475-9c21-50ed76f23953","2023-04-28 08:30:08.472","man","1992","Bac+3","Salarié"
"55b7557f-7b99-4910-b415-5b9ba8779e9e","2023-04-28 10:15:06.485","woman","1964","Bac","Salarié"
"2d1500c8-f6e5-4ecb-87d0-0d8288aa2875","2023-04-28 10:29:25.54","man","1960","Plus de Bac+5","Salarié"
"aa66df28-d8fb-4ae3-9b33-a6cc0cf4ad1f","2023-04-28 11:11:50.076","woman","1965","Bac","Salarié"
"259815bd-b909-403a-a883-6297dd48d470","2023-04-28 10:29:22.967","woman","1996","Bac+5","Salarié"
"57ade7c5-a613-4b45-ad38-7146502bfa76","2023-04-28 12:18:29.971","man","1956","Bac","Salarié"
"6531b648-a848-4077-8b80-006cc33af52f","2023-04-28 12:29:34.529",NULL,NULL,NULL,NULL
"99a9fe6b-7396-4fe6-bc27-9e8bf2776977","2023-04-28 13:34:47.635","woman","1964","Bac+4","Salarié"
"cc7798a0-53c2-4e0a-a77f-b2bfd0bf71d8","2023-04-28 15:52:42.77","woman","1962","Bac+5","Salarié"
"46c0a6dd-b72c-44d4-a99f-054a8287ce79","2023-04-28 17:21:57.868","woman","1992","Bac+3","Salarié"
"ab412be0-508a-499c-a434-155660142dd5","2023-04-29 13:53:14.27",NULL,NULL,NULL,NULL
"c43721d8-816d-48c0-96f9-3b1d11e30119","2023-04-29 13:50:04.833","woman","2001","Bac+4","Étudiant / En formation"
"145ae211-b9ec-4fda-9507-73d58f27fa49","2023-04-29 13:41:08.778","woman","2001","Bac+4","Étudiant / En formation"
"9de06a2a-5940-41f4-852a-957a705c9e6c","2023-04-29 16:35:08.625","woman","1989","Bac","Salarié"
"48c8de68-057a-4b53-adb6-eacf3a19549e","2023-04-30 15:31:25.245","woman","1973","Bac+4","Salarié"
"c388b3d2-d464-455d-8f06-35838423af58","2023-05-01 12:20:12.108",NULL,NULL,NULL,NULL
"be4a4637-6c27-4ae0-a4b0-d160be386a13","2023-05-01 20:18:00.97","woman","1983","Bac+5","Salarié"
"8c7e514e-054a-4ab1-9997-b554cbae2e10","2023-05-02 08:50:24.706",NULL,NULL,NULL,NULL
"610a79cc-dcf9-4545-915a-2428efcdbf53","2023-05-02 09:31:19.836","woman","1973","Bac+2","Salarié"
"ba3e33a2-ee29-4478-8f60-c8402a424f78","2023-05-02 11:39:28.708","woman","1994","Bac+5","Salarié"
"50f8f8c4-b174-41c2-a874-b13b7d300376","2023-05-02 12:49:42.976","woman","2000","Bac+5","Étudiant / En formation"
"dff66773-fed0-4645-964d-e8ce0ad15109","2023-05-02 12:50:38.478","woman","1998","Bac+5","Étudiant / En formation"
"7eebb153-b12f-4825-94fe-ebb353f72132","2023-05-02 12:51:21.291","woman","1999","Bac+5","Étudiant / En formation"
"1008fa8b-c13e-46b2-a498-734fa1656541","2023-05-02 12:50:13.964","woman","1998","Bac+5","Étudiant / En formation"
"f66764b4-8d90-4fb8-b0cd-8f525808e1d6","2023-05-02 12:49:14.673","woman","2000","Bac+5","Étudiant / En formation"
"d87bdee0-d0a7-4d23-8901-72bd37824855","2023-05-02 12:49:57.48","woman","1999","Bac+5","Étudiant / En formation"
"ac7cca6c-04fb-48f3-929d-7340b8db15cf","2023-05-02 12:51:37.267","woman","2000","Bac+4","Étudiant / En formation"
"782ebfe0-7007-4c42-9474-678b3652ecc2","2023-05-02 12:49:41.618","woman","1997","Bac+5","Étudiant / En formation"
"e7e81488-7046-4e6b-8385-47455c3ce843","2023-05-02 12:49:14.668","woman","1998","Bac+5","Étudiant / En formation"
"dcca4674-e658-4dd4-a45a-4785d23ff324","2023-05-02 12:49:02.42","woman","1999","Bac+5","Étudiant / En formation"
"6c596a80-a6a8-4310-88a6-a5538ffa7683","2023-05-02 12:51:27.13","woman","2000","Bac+5","Étudiant / En formation"
"bccce9e0-01fe-42ad-a299-448d67cd9c30","2023-05-02 12:54:54.795","woman","1999","Bac+5","Étudiant / En formation"
"33e6a7a6-41a1-4ddf-b56c-96b1cbefdb1f","2023-05-02 12:49:32.363","woman","1997","Bac+5","Étudiant / En formation"
"b50dfe22-18af-430a-bb91-4661c0b43522","2023-05-02 12:51:37.471","woman","2000","Bac+5","Étudiant / En formation"
"27dfc92d-7d9d-4242-bd8c-30509188db5a","2023-05-02 12:49:29.195","woman","2000","Bac+5","Étudiant / En formation"
"62a81412-a54b-438f-ad44-d7b5b622cfbc","2023-05-02 12:55:33.313",NULL,NULL,NULL,NULL
"dc9701e6-4607-4302-9082-c7205aa00c67","2023-05-02 12:50:05.717","woman","1999","Bac+5","Étudiant / En formation"
"5f3d6323-1c2b-47e1-a65e-86a4424a06cf","2023-05-02 16:49:26.394","woman","1991","Bac+5","Salarié"
"1f8f03fb-1662-4aa4-b2d0-97c0b85140cc","2023-05-03 07:47:44.695","woman","1993","CAP/BEP","En recherche d'emploi"
"52e4e683-8ff8-4218-b86f-f74c02486f7c","2023-05-03 21:42:35.325","woman","1997","Bac+5","Salarié"
"2c29edbe-f563-4e9a-9a15-0918dd5c7978","2023-05-05 07:13:30.663","woman","1974","Bac+4","Freelance / indépendant"
"c380dee7-b4a7-4fab-9415-595c1bc76df9","2023-05-05 09:46:03.135","man","1961","Bac+5","Salarié"
"677aa03d-8a54-4903-9770-8afd4d9d7cc7","2023-05-05 11:21:55.464","woman","1977","Bac+4","Autre"
"6339f8bb-2362-4555-ac03-4bf0f4b8bdae","2023-05-05 15:45:24.606","woman","1993","Plus de Bac+5","Salarié"
"1882e49a-2057-4f73-ab81-85ddbabf606c","2023-05-05 18:21:16.155","woman","1977","Bac+5","Salarié"
"2c697330-ebc1-4b69-a7db-0ce9f4b7729e","2023-05-05 19:56:21.743","other","2001","Bac+3","Étudiant / En formation"
"6ded7567-308b-4894-aead-b00e02571bc4","2023-05-05 20:34:00.178","woman","1987","Bac+5","Salarié"
"02c303f2-5d9c-4d8a-ac32-e9acd622dcf9","2023-05-06 07:49:47.503","man","1989","Bac","Salarié"
"60b8c23f-5526-4347-aecc-72aa8e16ebc6","2023-05-06 09:14:07.439",NULL,NULL,NULL,NULL
"8a5b8fb7-0148-4927-af1d-01a2f910692c","2023-05-06 10:28:46.621","woman","1988","Bac","Étudiant / En formation"
"c83100e4-2fa3-447b-a602-c11013637837","2023-05-07 17:27:03.305",NULL,NULL,NULL,NULL
"96cbf73a-23e3-4ee7-8acc-d1756d5ed746","2023-05-08 16:09:42.661","woman","1963","Bac+2","Salarié"
"d980d021-c352-4f68-8f1e-741fc1a516ce","2023-05-08 22:59:50.892","woman","1962","Bac+2","Autre"
"05a2bdd8-d148-4327-8a71-97c4795e2c35","2023-05-09 07:18:46.051","woman","1992","Bac+5","Salarié"
"330bd323-ec70-4b89-8f5f-4f1a86d4e297","2023-05-09 07:48:45.268","woman","1965","Bac+4","Salarié"
"bd6cacf9-2830-48a4-a015-d938fae6325f","2023-05-09 09:04:09.717",NULL,NULL,NULL,NULL
"d1f156c0-dd8e-40ad-b3f7-7d5e86053f59","2023-05-09 10:16:57.886","woman","1995","Bac+5","Salarié"
"3a2b63c2-7bfe-413f-9d3f-0f57eab0531e","2023-05-09 12:19:13.054","woman","1984","Plus de Bac+5","Salarié"
"09da5a66-15fa-453a-9fa3-62d782c8dec3","2023-05-09 12:24:29.779","woman","1977","Bac+4","Break / année sabbatique"
"933c79bd-93c9-4fd0-9da1-27a3cb3d68b5","2023-05-10 07:50:30.606","woman","1996","Bac+5","Salarié"
"44591b48-da1b-47de-b780-92974c8751df","2023-05-10 16:46:52.193","woman","1984","Bac+5","Break / année sabbatique"
"0e040d68-f0a7-452a-9557-72f20dac7f0d","2023-05-10 16:52:07.777","woman","1998","Bac+5","Salarié"
"6d6456b9-6dc8-4916-855f-6fa965af2f2e","2023-05-10 17:44:16.082",NULL,NULL,NULL,NULL
"7bef635e-2d56-414c-af47-3386ad90a214","2023-05-10 19:42:13.628","woman","2000","Bac+2","En recherche d'emploi"
"6094bfdb-6b60-473f-b985-9cd0248bc3a9","2023-05-11 07:54:59.695","man","1992","Bac+3","Salarié"
"f202e316-530c-45ff-85f9-48b58b7cb87e","2023-05-11 08:59:32.196","man","1999","Plus de Bac+5","Étudiant / En formation"
"aaa5e219-adad-403f-baae-9c3f2b464ff5","2023-05-11 08:57:17.164","man","1998","Bac+5","Salarié"
"0a0e9f48-0f24-41f7-af1b-a02822256000","2023-05-11 08:59:12.76","man","2000","Bac+5","Autre"
"da841cef-2508-430a-963c-8e2e40cbe244","2023-05-11 08:59:53.87","man","1999","Bac+5","Salarié"
"3bfd59b3-c989-4b1c-9af7-362aa8eff92a","2023-05-11 09:03:52.438","man","1995","Plus de Bac+5","Salarié"
"abd2811b-a505-4d3b-8b4f-1fcb9e5de2ea","2023-05-11 08:59:01.632","man","1999","Bac+5","Étudiant / En formation"
"17f0a7d8-eed8-48aa-a128-731e35bb42f1","2023-05-09 09:23:00.526","woman","1987","Bac+2","Salarié"
"62bd3508-8062-4f0e-8dcd-243f86bf68bc","2023-05-11 09:00:31.347","woman","1999","Bac+5","Étudiant / En formation"
"603c8d65-a4d4-4340-b53f-082132fe7742","2023-05-11 09:03:28.768","man","1999","Bac+5","Étudiant / En formation"
"5d435540-7b12-40b5-83a3-db3d5ca46869","2023-05-11 09:00:29.051","woman","1999","Bac+5","Étudiant / En formation"
"bf787cdd-bd63-469a-b703-a5d60943d836","2023-05-11 09:04:37.816","man","1993","Plus de Bac+5","Freelance / indépendant"
"0f1bfa19-0a2d-42a7-92f3-a20c3f1d6a38","2023-05-11 08:57:45.124","woman","1996","Bac+5","Étudiant / En formation"
"f27b0145-3387-4543-8cdb-8af711d83fe7","2023-05-11 09:00:54.383","man","2000","Bac+5","Salarié"
"acdbfcfa-097e-45b6-a0f2-a53adf4ba121","2023-05-11 08:57:39.659","man","1998","Bac+5","Étudiant / En formation"
"b4618f05-1391-4186-bfb2-0e9a3d5ad17e","2023-05-11 08:59:48.997","woman","2001","Bac+5","Étudiant / En formation"
"4118b02f-72e5-4765-867c-bbd0401ee2da","2023-05-11 09:00:15.325","woman","1997","Bac+5","Étudiant / En formation"
"b6f1d4c7-15ea-498f-8ce8-247d664ef958","2023-05-11 09:06:38.25","other","1939","Plus de Bac+5","Break / année sabbatique"
"2324bb96-175e-4a95-9a3a-527376664bcb","2023-05-11 08:58:39.878","woman","1999","Bac+5","Étudiant / En formation"
"5a80888c-e93b-4e6c-ab02-3a3d56744fe0","2023-05-09 16:21:15.755","woman","1996","Bac+3","Salarié"
"737708ee-85f3-48e2-aafe-38ee2a2a61af","2023-05-11 21:36:52.953","woman","1993","Bac+5","Salarié"
"59e9465a-f802-482f-9c44-8235e5254177","2023-05-12 07:33:40.243","man","1994","Bac+3","Salarié"
"a3f98ff3-cfac-47a4-8cc6-3c5abec643fd","2023-05-12 12:59:57.758",NULL,NULL,NULL,NULL
"0b561306-c645-4846-8ae0-5c274a439a7e","2023-05-12 11:16:23.239","man","1983","Bac+5","Salarié"
"0b1a7e25-3171-47fd-b82c-4743f7a31680","2023-05-12 14:05:25.5","woman","1968","Bac+5","Salarié"
"a9582c34-32a2-469a-8b39-c8aa14c41d9e","2023-05-12 14:52:38.843","woman","1994","Bac+3","Salarié"
"b448340a-b3df-480a-ac32-450fe2232967","2023-05-13 18:04:50.171","woman","2000","Bac+5","Étudiant / En formation"
"1b94714e-ac76-4ca4-831e-a0bec6a31b9c","2023-05-14 13:07:45.385","woman","1989","Plus de Bac+5","Autre"
"d4c3e581-5020-438f-a568-3679f35701bb","2023-05-14 18:35:56.776","woman","1984","Bac+5","Salarié"
"914716de-97ef-427c-8aab-b2788d70cfac","2023-05-15 08:21:05.434","woman","1965","Bac+2","Salarié"
"1e5e51ac-ac63-4495-8b3d-cf606677731e","2023-05-15 08:43:30.683","woman","1964","Bac+5","Salarié"
"d35a5121-747a-4eb7-a297-55a23862a7b2","2023-04-11 08:11:23.595","man","1986","Bac+2","Salarié"
"6c2d285c-2436-4c17-987d-3bb0b5d261cd","2023-05-15 09:50:17.954","woman","1995","Bac+3","Salarié"
"03a59e22-a248-435d-9e37-bfe3fe44464c","2023-05-15 11:05:44.654","man","1996","Bac+5","Salarié"
"afca817c-a3c3-442b-a312-6f1ae02bf6e4","2023-05-16 10:22:48.906","woman","1987","Bac+5","Freelance / indépendant"
"e39f5b8b-6105-4eab-a309-469135884566","2023-05-16 12:40:45.795","woman","1996","Bac+5","Salarié"
"ff612c2c-3ab8-4769-9fda-5239442caf2d","2023-05-16 13:41:06.759","woman","1999","Bac+5","Étudiant / En formation"
"ab21995f-ff43-4111-a922-33d61b788667","2023-05-17 07:37:46.328","woman","1963","Bac+3","Salarié"
"f72fd687-1794-4510-b394-cdc5d71e7d4d","2023-05-17 15:09:31.124","man","1988","Bac+5","En recherche d'emploi"
"40903865-5dee-46ea-874c-12c64920aaeb","2023-05-17 14:54:12.539","woman","1990","Bac+5","Salarié"
"8444f397-19ff-4d82-a21a-2d1fa707ecc7","2023-05-18 08:12:44.996","woman","2000","Bac+4","Étudiant / En formation"
"598082f4-c195-4c0f-bab3-0110cb35f12a","2023-05-18 15:03:15.168","woman","1972","Bac+5","Freelance / indépendant"
"ca8b6338-a630-4c5b-87ec-915ad1c3f985","2023-05-18 20:07:23.92","woman","1988","Bac+5","Salarié"
"a870222c-0258-4394-8134-5f219a9370bb","2023-05-18 20:30:29.048","woman","1996","Bac+5","Salarié"
"76f15241-0adc-4c4e-a411-8503e55b4d67","2023-05-19 07:29:47.228","woman","1999","Bac+4","Étudiant / En formation"
"68faed2e-b304-4015-a32b-05ea3e79f123","2023-05-19 07:36:11.407","woman","2001","Bac+4","Étudiant / En formation"
"f8b99217-eab7-4f90-be1f-a1528b9c1ffc","2023-05-19 07:54:42.675","man","2001","Bac+4","Étudiant / En formation"
"80e6eb91-7ec3-4fe0-b970-1a808c9c0690","2023-05-19 08:50:23.107","man","1999","Bac+5","Étudiant / En formation"
"37c39bf8-9e32-4108-9cc6-399ece45e624","2023-05-19 08:54:30.802","man","2001","Bac+4","Étudiant / En formation"
"a57067ef-b93f-4c85-b227-76b94ef26d21","2023-05-03 10:07:12.63","woman","1973","Bac+3","Salarié"
"d6b46b71-38f5-468a-94c8-8efd39a1d9a4","2023-05-19 08:36:09.008","man","1992","Bac+5","Salarié"
"454f4a51-bac6-4bdc-a1dd-cdaf855b5286","2023-05-19 11:58:15.797","woman","1961","Bac+2","Salarié"
"5d1cea11-9398-4f29-9a56-415c2133ca1b","2023-05-19 12:02:24.992","woman","2000","Bac+4","Étudiant / En formation"
"608579bb-b56b-494a-91b2-4cf33ce0b798","2023-05-19 12:07:26.029","man","1991","Bac+5","Salarié"
"29149dd4-6067-4933-91f7-6f8c4b1bf296","2023-05-19 12:50:06.838","woman","2000","Bac+4","Étudiant / En formation"
"9523cde1-9443-4b02-8ec6-93db802e0cea","2023-05-19 13:01:25.704","man","2001","Bac+4","Étudiant / En formation"
"34afbcb8-82b5-46dd-a180-bf7b0306eadc","2023-05-21 20:57:25.322","woman","1987","Bac+5","Salarié"
"9bc0c689-18fe-49fc-ad9b-c0d9ad1c3438","2023-05-22 01:02:28.793","man","1982","Bac","En recherche d'emploi"
"02a8f964-74b6-4817-b038-0f443928bd7f","2023-05-22 04:25:24.721","woman","1971","Bac+2","Salarié"
"6d7373a9-4edd-43b0-b999-2dd00260b079","2023-05-22 04:34:22.3","woman","1971","Bac+4","Autre"
"f682c946-03a7-48e1-9b22-b5ea55a5bceb","2023-05-22 04:38:53.593","woman","1992","Bac","Salarié"
"d2f18ab7-ed55-45e5-a290-990fee693cce","2023-05-22 06:36:43.436","woman","1982","Bac+5","Salarié"
"671243b1-e918-4327-b74a-82ef14611746","2023-05-22 06:48:43.032","man","1978","Bac","Entrepreneur / Chef d’entreprise"
"61ae83cd-8b37-42c7-9489-d32da03121dc","2023-05-22 10:35:28.802","woman","1995","Bac+3","Autre"
"a8d0ead4-f18d-4aab-b5ba-7f1c1dbd771f","2023-05-22 12:49:39.565","woman","1996","Bac+2","Salarié"
"55e72432-18c2-4a37-9699-8d212622fcc5","2023-05-23 06:33:21.256","woman","1977","Plus de Bac+5","Salarié"
"8f662672-4890-4c75-bd8f-bcf33b75eae9","2023-05-23 07:41:31.446","man","1996","Bac+2","Salarié"
"9ac5bef5-b7b1-410e-a064-fbe149422d0d","2023-05-23 09:03:32.017","man","1995","Bac+5","Salarié"
"3fdea177-3c8a-4b08-954e-45c7fe16ee48","2023-05-23 11:38:47.931","woman","1982","Bac+4","Freelance / indépendant"
"ca86e34a-2e8b-47de-b28e-6e78a44de6d3","2023-05-23 08:06:28.334","man","1993","Bac+5","Salarié"
"8c9eb2eb-0ec4-44a6-8d52-c3d0a86b8d45","2023-05-23 12:58:45.778","man","1993","Bac+5","Salarié"
"455c86e0-2dc5-4c36-a3c2-ebd65ceb958f","2023-05-24 05:36:49.947","woman","1983","Bac+3","En recherche d'emploi"
"e288095a-217e-4af1-a119-3be900adfcb9","2023-05-24 05:59:40.464",NULL,NULL,NULL,NULL
"4b509665-59ed-4839-80d4-af329e712fdd","2023-05-24 06:20:23.449","woman","1994","Bac+5","Salarié"
"ab2cd465-a9e4-40ee-ae94-3957bf9eac1c","2023-05-24 12:14:51.772","woman","1982","Bac+5","En recherche d'emploi"
"80910dd6-e87a-44aa-ac26-d0b7c1cbf425","2023-05-24 13:33:41.795","woman","1998","Bac+5","Étudiant / En formation"
"39f0ff9a-7623-4c1f-a10a-32bfbfed4b99","2023-05-15 13:31:09.758","man","1978","Bac+2","Salarié"
"88e1821e-1d55-482c-b313-6fb8a0e4e6ac","2023-05-24 14:40:19.924","woman","1986","Bac","Entrepreneur / Chef d’entreprise"
"8b310459-8b4e-4c86-900f-c0d15d5cc6b3","2023-05-24 14:56:34.848","man","1980","Plus de Bac+5","Salarié"
"b6b770fa-be22-4c18-8a11-d8a83377ca8a","2023-05-24 15:14:03.278","woman","1978","Bac+5","Salarié"
"c04aac0e-bce8-4b37-bfa1-b084416f8f15","2023-05-24 15:47:43.621","woman","1997","Bac+5","En recherche d'emploi"
"6981bde3-aaf7-46d4-b0e3-a91a8e6cefed","2023-05-25 07:03:01.674","man","1990","Bac+5","Freelance / indépendant"
"50b4b043-ea64-49d2-805f-3943fc3bca3b","2023-05-24 14:16:29.491","woman","1990","Bac+5","Autre"
"75ce9589-d025-4139-acff-d882636271c4","2023-05-25 08:09:42.389","woman","1973","Bac+5","Entrepreneur / Chef d’entreprise"
"07c679b8-b8d8-4dd5-bc08-f0bd22e502a4","2023-05-25 08:12:38.934","woman","1972","Bac+3","Salarié"
"ae27b9a8-2be1-4b2a-86ea-ba8dc5d39d75","2023-05-25 12:27:01.718","woman","1992","Plus de Bac+5","Freelance / indépendant"
"94eed758-eed7-40d3-adad-fd27383a0050","2023-07-19 19:21:56.477","man","1991","Bac+5","Freelance / indépendant"
"520e5806-3a73-44bd-a455-579d2ebef866","2023-08-17 13:22:41.636","other","1999","Les études et moi, ça faisait deux","Salarié"
"451a5f10-5336-430e-9789-5377d82db425","2023-06-13 08:18:07.038","man","1999","Bac+4","Salarié"
